{
    "mean_reward": 222.6076904675393,
    "std_reward": 113.10059148220103,
    "max_reward": 388.4488448844775,
    "min_reward": -5.1094890510944975,
    "mean_length": 500.0
}