{
    "mean_reward": -93.38478930766975,
    "std_reward": 0.4353633802177147,
    "max_reward": -92.7007299270063,
    "min_reward": -94.26934097421095,
    "mean_length": 1000.0
}